Nouns,Occurrence
banana,95
bowl,2452
egg,980
vanilla,300
oat,95
cinnamon,232
skillet,562
scoop,68
pancake,66
batter,438
layer,367
minute,4339
bubble,42
top,933
side,1044
topping,100
slice,490
walnut,46
maple,104
syrup,224
note,39
cup,678
g,180
stem,63
broccoli,101
head,22
floret,46
pot,756
heat,1880
butter,856
onion,1027
flour,748
mixture,1170
half,575
content,17
simmer,141
stock,167
carrot,209
salt,2011
pepper,1638
nutmeg,72
cheese,883
ingredient,454
oven,1429
°,812
f,672
c,646
dog,32
bun,117
inch,590
cm,559
baking,1231
dish,322
rectangle,58
centimeter,8
edge,336
bread,422
cut,26
out,2
bottom,336
space,30
filling,232
mess,1
garlic,1111
parsley,258
inside,35
weight,11
cheddar,107
bit,146
chili,208
boat,5
seam,53
celery,67
milk,541
chicken,1362
broth,170
time,310
boil,340
pea,61
pie,114
crust,253
foil,184
template,6
piece,429
dough,1025
rim,25
size,135
fork,217
slit,44
middle,83
month,70
bean,228
cayenne,87
cumin,170
cornmeal,23
a,3
½,43
ml,166
measuring,88
patty,87
parchment,520
paper,682
sheet,889
pan,1657
burger,85
fixin,2
nonstick,77
spray,93
cauliflower,147
cooking,110
coating,15
sauce,1204
canola,79
oil,1878
ginger,221
flake,108
burning,8
orange,113
juice,579
sugar,904
vinegar,209
soy,194
cornstarch,89
water,965
slurry,11
sesame,177
rice,542
scallion,134
mixing,77
powder,664
spatula,228
well,56
tablespoon,660
ball,266
towel,305
olive,527
dill,42
sage,47
thyme,126
herb,39
potato,561
vegetable,506
bay,69
leave,158
percent,2
dollop,38
dumpling,42
diameter,20
lot,7
xawaash,2
coriander,78
turmeric,62
cardamom,39
clove,110
tomato,519
stick,62
cube,130
cilantro,221
grain,28
food,270
coloring,30
raisin,34
glove,18
finger,88
saucepan,219
pilaf,4
serving,137
platter,54
bell,152
brussel,10
sprout,79
za’atar,8
balsamic,10
veggie,91
salad,116
tuna,7
dressing,196
caper,20
sliver,4
dash,4
crouton,10
sprinkle,47
spice,181
mix,138
chilli,29
paddle,9
attachment,17
extract,117
soda,92
chocolate,286
chip,143
cookie,210
breast,157
cooker,114
ketchup,34
apple,193
cider,75
paprika,192
hour,604
mayonnaise,53
kind,1
cabbage,83
slaw,18
rack,263
third,40
peeler,22
skin,157
flesh,33
butternut,28
squash,242
seed,305
pulp,27
par,1
cutting,126
hand,306
board,137
knife,183
⅛-inch,17
mm,80
¾,15
way,91
shallot,95
mustard,126
hazelnut,21
pomegranate,26
chive,74
center,317
honey,209
liquid,317
rest,141
beef,221
color,83
chipotle,28
pinch,87
paste,199
kidney,20
cornbread,20
golf,22
lid,184
cream,612
cocoa,82
berry,41
pear,46
lemon,413
cranberry,47
tofu,95
lettuce,66
corn,149
sofrita,1
pico,19
gallo,20
guacamole,28
white,106
peak,62
gel,7
macaron,55
piping,50
bag,156
tip,61
surface,257
air,21
room,133
temperature,292
buttercream,29
frosting,125
choice,53
shell,64
sandwich,96
result,8
cake,417
toothpick,88
pork,257
chorizo,14
grease,11
remaining,290
adding,8
can,30
coconut,232
eggplant,97
frying,46
fry,68
second,238
biriyani,2
quart,42
tbsp,55
knob,9
yolk,100
flame,19
nut,38
drizzle,75
noodle,160
package,52
direction,11
poultry,3
seasoning,142
oregano,108
alfredo,6
garnish,50
boiler,5
pudding,25
day,115
marinade,140
bruschetta,2
glaze,77
mousse,3
zest,95
back,45
spoon,205
whipping,5
pod,22
mixer,146
whisk,16
refrigerator,241
crumble,23
fruit,92
wheat,31
oats,7
tray,120
stove,17
tsp,29
muffin,101
tin,88
liner,18
buttermilk,54
one,6
ice,239
measurement,1
blender,248
purée,11
cashew,52
garam,24
masala,40
paneer,11
curry,67
fenugreek,9
flatbread,13
pasilla,4
soup,51
immersion,18
pepita,7
cupcake,49
need,4
lump,53
shortening,9
stand,35
consistency,103
rum,24
pumpkin,66
liking,19
keto,1
sweetener,5
glass,150
bottle,18
cotton,6
cloth,17
asafoetida,4
amount,42
grape,13
chile,66
tamarind,23
jaggery,2
min,19
flavor,52
store,5
quantity,5
pickle,26
beginning,1
steak,261
length,16
tahini,19
yogurt,152
fridge,88
meat,272
layering,1
sumac,7
turnip,5
brown,29
caster,4
essence,1
maida,1
batch,101
meantime,7
gap,8
timer,13
taco,63
lime,260
quarter,65
core,26
teaspoon,361
portobello,3
mushroom,249
cast,72
iron,129
storage,10
container,188
avocado,197
wedge,79
microwave,51
peanut,109
cereal,10
bar,45
sieve,35
starch,12
skirt,8
jalapeño,85
clump,12
chickpea,114
spinach,164
calorie,56
fat,116
gram,311
sodium,20
carb,61
fiber,57
protein,60
miso,11
salmon,144
fillet,29
asparagus,57
baby,19
bok,17
choy,17
plate,184
masher,21
crumb,148
jack,10
salsa,57
beep,2
pressure,36
o’clock,7
manual,1
on,1
stream,10
teriyaki,20
strip,116
hoisin,13
"""",1
wok,63
ham,64
pineapple,70
pour,2
base,35
extra,3
quinoa,70
green,22
almond,181
parmesan,89
vinaigrette,16
pit,12
end,133
bacon,156
sirloin,8
setting,19
portion,61
pile,9
mason,36
jar,77
hummus,20
shake,8
sea,15
rosemary,70
sprig,29
zip,21
thigh,89
feta,27
corner,35
meal,25
prep,5
tupperware,7
nutrition,51
combination,8
stip,1
processor,230
speed,134
mesh,45
addition,25
ribbon,28
figure,3
round,78
dot,3
circle,92
touch,24
foot,3
wire,136
refrigerate,1
section,19
candy,16
order,4
cheesecake,50
wrap,247
shape,108
cooling,7
yeast,97
place,65
kitchen,67
stickiness,5
bench,13
scraper,15
log,32
floss,1
roll,169
volume,14
loaf,87
use,26
cling,14
number,6
chunk,49
interval,15
brownie,91
texture,42
while,4
gluten,11
cakier,1
toffee,4
panko,36
turkey,86
countertop,5
cutter,36
biscuit,68
boiling,40
rubber,63
self,5
rising,2
excess,41
thermometer,19
part,38
splash,15
cherry,51
¼,36
week,47
rainbow,13
blend,24
waffle,27
manufacturer,3
instruction,50
pearl,9
pastry,190
mass,3
pin,54
scrap,11
bite,41
ranch,32
packet,15
zipper,2
cracker,69
blueberry,51
counter,15
dab,4
wheel,19
outside,44
coat,13
icing,58
rotation,2
effect,6
strawberry,114
rolling,43
underside,6
handful,21
wine,124
stovetop,4
strainer,34
bath,16
process,41
solid,15
puree,48
pasta,195
pesto,40
basil,140
pine,17
kale,52
beet,62
ricotta,58
box,35
dente,1
casserole,18
stuffing,33
parsnip,4
allspice,26
cannellini,6
kg,2
macaroni,18
ounce,48
hole,78
ravioli,19
tool,2
season,3
vent,12
dutch,9
arborio,3
colander,25
goat,29
risotto,19
moisture,51
recipe,14
tong,30
bird,8
cavity,17
wingtip,1
butcher,5
twine,17
leg,19
flipping,27
lentil,38
moon,3
tenderizer,1
tonkatsu,2
tortilla,190
⅓-inch,5
worth,3
½-pound,1
smoke,29
disc,28
croquette,2
nira,1
shiitake,16
sake,4
wrapper,40
fingertip,15
pleat,4
gyoza,2
dipping,43
mirin,12
doneness,20
bibimbap,3
kimchi,21
cucumber,74
snow,8
snap,4
shrimp,227
beer,30
coleslaw,10
radish,27
fish,60
crema,13
tail,17
chow,2
mein,1
heaping,5
spaghetti,54
edamame,4
bamboo,15
metal,30
skewer,107
grill,71
assembly,5
squeeze,20
amaretto,1
spot,31
acorn,3
mallet,9
sprinkling,7
basket,19
purpose,21
lining,2
flower,13
line,20
freezer,90
anise,25
pebble,1
burgundy,1
sand,15
saffron,32
meringue,26
coffee,10
tester,3
margarine,2
¼-cup,2
increment,6
fritter,6
gochujang,8
squid,2
seafood,6
donut,15
mold,25
donute,1
turbinado,4
tartar,15
dome,5
torch,5
machine,10
twinkie,1
item,4
halfway,15
indent,5
marshmallow,9
fluff,2
tempura,11
chopstick,7
dirt,2
incision,9
kabocha,3
spiral,6
start,1
swirl,6
stomach,1
dashi,3
custard,25
film,11
matcha,4
indentation,4
beater,9
moment,2
table,5
thing,2
thickness,21
circumference,6
springform,35
tape,4
stage,2
satin,1
appearance,2
point,34
curling,1
step,14
aluminum,38
crack,8
allowing,1
naan,25
tart,41
%,7
caesar,1
kelp,1
parm,4
romaine,13
couple,22
pinche,1
taste,4
bagel,20
eye,26
lox,5
poppy,12
fennel,39
dip,27
crostini,3
giardiniera,4
muffaletta,2
boule,5
spoonful,34
salami,21
mortadella,2
sopressata,2
provolone,24
plastic,40
overnight,10
octopus,4
mignonette,4
peppercorn,29
crab,37
horseradish,3
oyster,28
muscle,1
ahi,1
poke,3
cocktail,43
seaweed,2
claw,1
blood,4
drumstick,11
plum,4
apricot,22
rosé,19
bone,49
couscous,4
blade,4
drop,12
fig,2
semolina,9
calamari,1
marinara,41
scallop,7
chard,10
bias,4
pickling,2
brine,17
nori,22
cod,1
breadcrumb,29
rocket,3
toast,38
bbq,36
steel,12
sauté,22
angel,1
hair,2
.,12
lamb,30
thread,14
grinder,9
mortar,8
pestle,10
cardamon,1
sec,3
tea,47
mug,41
smear,1
splice,1
speculoo,1
style,3
¹⁄₁₆-inch,2
border,25
wash,60
drumette,2
pilau,2
serrano,10
cylinder,2
s,1
strand,7
rabri,1
ghee,31
leaf,57
star,33
rose,12
petal,9
pistachio,18
basmati,6
mango,54
stacking,2
triangle,26
mandazi,1
breakfast,9
snack,4
chai,5
source,4
broiler,28
handling,1
pita,12
applesauce,6
stirring,4
hat,2
aromatic,5
deliciousness,1
grater,21
level,7
chuck,2
roast,14
liter,14
pack,4
roux,14
spring,29
artichoke,37
mozzarella,134
book,4
pink,10
pizza,118
buffalo,29
sun,13
ziploc,1
steamer,24
rope,12
pattern,25
gnocchi,15
grit,14
sausage,95
cajun,3
andouille,2
fettuccine,11
english,1
face,15
gallon,5
tzatziki,6
spit,1
degree,18
breading,4
dream,1
brush,21
tilapia,4
rib,193
making,4
baguette,19
chop,40
brownness,1
crockpot,3
worcestershire,5
stew,32
sourdough,8
ear,18
medium,7
cob,5
kernel,7
pancetta,2
jug,4
bolognese,10
presentation,1
sriracha,9
queso,12
fresco,12
wing,110
zucchini,92
ramen,2
brick,2
slider,29
⅓lb,1
¼cup,1
gas,9
pocket,26
cover,8
puff,88
penne,7
meatball,67
stir,11
colour,5
flavour,4
centre,13
gouda,1
elbow,3
unevenness,3
heart,20
expansion,1
crepe,42
caramel,48
cap,17
coin,4
scooping,7
linguine,3
fajita,9
segment,12
pool,2
stout,2
espresso,6
flax,12
flaxseed,2
l,10
leaving,13
overhang,15
using,7
mitt,2
grind,1
sift,1
ping,3
pong,3
mandolin,3
break,1
insert,9
crock,1
slicing,3
bake,7
monster,2
smoking,2
resting,3
period,2
-inch,4
griddle,31
interior,1
stalk,15
roasting,20
example,1
ratatouille,3
work,45
saucy,1
streak,10
flank,15
amino,5
tapioca,8
pad,5
farfalle,1
cook,8
filet,2
rub,14
lasagna,29
rotini,1
weekday,1
family,1
dinner,8
julienne,3
reduction,7
popsicle,5
brim,1
clementine,5
kiwi,6
string,4
funnel,6
area,13
nitrogen,16
drip,5
droplet,4
shaker,20
marmalade,5
blackberry,19
jam,29
vodka,10
peel,31
raspberry,57
tequila,6
peach,60
whiskey,8
twist,8
spread,9
paring,25
braid,5
pitcher,20
margarita,3
rosarita,1
pig,4
lemongrass,34
longanisa,1
dripping,8
pancit,1
boba,4
smoothie,5
straw,7
angle,6
pepperoni,21
light,1
saltwater,1
watermelon,51
bed,16
gelatin,29
ring,50
cobbler,1
mound,4
chilie,11
tenderloin,32
jus,3
brioche,6
arugula,25
mac,11
passion,2
rind,13
mint,81
mezcal,4
rock,6
mangonada,1
nectar,2
tangerine,1
liqueur,5
chamoy,2
paloma,1
grapefruit,28
seltzer,4
hibiscus,6
pick,2
gin,5
puri,4
chutney,11
date,29
thumb,17
chat,1
sev,1
cornflour,8
root,7
saute,7
roti,9
okra,6
toor,1
dal,5
urad,1
sambar,1
concentrate,1
urge,2
smell,5
dosa,1
palm,15
belly,27
divot,10
tandoori,1
curaçao,1
aquafaba,8
hurricane,1
angostura,1
bitter,2
jalapeno,5
pakora,1
daikon,25
thai,3
prawn,15
leftover,7
medallion,1
cutlet,15
trimming,1
berbere,3
rabe,2
kibbeh,2
tib,3
injera,2
ayib,1
broccolini,10
goal,1
bulk,2
basting,1
pasty,1
tie,1
duxelle,5
overlapping,5
width,3
prosciutto,35
overlap,1
design,3
rare,4
leek,35
pound,9
kilo,2
door,5
gravy,42
stone,11
during,2
preference,13
stockpot,7
trail,1
handle,2
square,52
meatloaf,10
reserve,1
fire,3
shelf,3
defrost,1
sink,3
cooler,1
station,4
shear,7
garbage,1
packaging,4
neck,4
holder,3
innard,2
giblet,2
crevice,2
height,2
wishbone,1
lip,3
carcass,10
hip,1
joint,14
shoulder,10
release,8
flat,1
condiment,3
browning,10
shot,2
harissa,5
left,3
right,6
wiggling,1
motion,8
wall,13
passata,2
tamari,3
crimp,2
rosehip,2
refrigeration,1
veggnog,1
ladleful,3
oatmeal,10
chia,25
ramekin,34
agar,6
panna,3
cotta,3
̊c.,1
crème,5
compote,5
confectioner,3
pecan,46
soaking,8
cheesecloth,12
maker,8
cardboard,4
turntable,5
creme,2
soufflé,4
anglaise,3
opening,9
amber,6
tower,8
graham,31
power,4
churro,2
silicone,11
rise,2
doughnut,6
pop,8
granola,4
dessert,3
agave,10
mayo,20
punch,7
cantaloupe,4
honeydew,2
sparkling,5
sangria,4
focaccia,5
gardenscape,1
scene,1
remainder,4
row,16
pretzel,14
red,1
party,2
melon,7
baller,6
emulsification,2
vessel,4
standing,3
soju,3
club,3
charcoal,1
grilling,1
coil,1
shank,1
backbone,3
pair,7
scissor,8
ladle,6
bisque,1
mince,3
boy,1
gherkin,1
oz,5
bratwurst,8
front,1
sauerkraut,5
blanket,2
mg,12
cedar,2
plank,7
anchovy,1
rule,1
tater,11
tot,16
sear,4
monterey,9
mouth,4
jelly,7
body,4
spider,10
deli,6
freshness,1
linguini,1
zoodle,5
spiralizer,3
mandoline,3
overcrowding,2
stroganoff,3
cross,4
poaching,3
sambal,1
napa,2
pouch,2
momo,2
spam,1
furikake,2
mandu,4
muscovado,2
impurity,4
running,3
brisket,6
5qt,1
watercress,5
banh,2
mi,2
taking,2
care,2
flan,4
shiso,3
turning,3
chestnut,3
lumpia,10
diamond,4
envelope,2
tamagoyaki,4
omelette,12
cola,2
lard,10
pinto,6
husk,7
guajillo,4
masa,17
tamale,3
steam,27
verde,4
ancho,3
chilaquile,1
cotija,12
sope,5
carne,2
asada,2
achiote,3
tomatillo,12
stewing,1
strong,1
enchilada,15
tostada,6
farro,15
foam,5
bouquet,4
gumdrop,2
varying,1
shortcake,3
toaster,10
crispiness,1
spreading,1
quiche,6
curd,15
marie,2
chantilly,1
stack,6
dunk,1
kick,1
pizzelle,4
effort,1
protection,1
mark,12
quality,5
microplane,1
ají,1
amarillo,2
bouillon,8
block,15
mat,20
cremini,3
falafel,4
pulse,6
béchamel,4
polenta,6
sherry,5
alcohol,4
gremolata,2
crabmeat,3
orzo,4
165ºf,1
vermouth,2
tarragon,8
lock,1
scampi,1
read,1
coal,1
grate,2
hash,4
aji,1
x,5
chimichurri,4
quesadilla,7
eighth,1
heap,1
scooper,3
burrito,22
seal,5
removal,2
temp,2
cottage,6
tenderness,2
nest,4
sealing,13
mit,1
venting,10
cancel,5
toss,1
milk/,1
alternative,2
person,3
fix,3
in,9
imitation,1
sushi,10
wipe,1
assortment,3
up,3
pith,7
calvado,1
piloncillo,4
cane,6
guava,1
tejocote,1
sweetness,2
copper,1
brandy,8
shin,1
oxtail,1
doubanjiang,2
currant,3
prune,1
citrus,7
pan(,1
braising,4
adobo,9
score,2
resistance,1
greek,4
basis,7
pho,3
sorbet,5
lemonade,5
turn,1
fold,12
lava,1
multicolor,1
leakage,1
flap,2
redness,1
shawarma,1
garbanzo,4
opinion,1
matchstick,3
grapeseed,8
cleanup,1
prong,2
corkscrew,2
strudel,9
mojo,2
hoagie,2
exterior,3
form,6
object,3
campfire,1
fondue,2
butt,4
celsius,5
panini,9
press,10
midpoint,2
croissant,13
minimum,2
sugars:11,1
swiss,2
cordon,3
bleu,8
fryer,3
breadstick,2
fusilli,3
raising,1
millimeter,1
ratio,2
110gram,1
jamun,2
discoloration,2
ricer,4
pat,2
ganache,17
bundt,11
375ºf,1
key,4
decker,1
burner,2
ribeye,7
gochugaru,2
sting,1
stain,1
overflow,1
bao,4
case,5
dowel,1
valve,14
safety,2
carnita,2
option,29
nacho,6
mill,1
dick,1
ziplock,3
korma,1
500ml,1
sunflower,6
folk,1
bark,6
alternating,2
picture,1
frame,1
drinking,3
stripe,2
kiss,2
compartment,1
beverage,1
martini,5
membrane,9
supreme,1
jackfruit,56
giving,1
phyllo,17
oiling,1
butterfly,1
pushing,1
mascarpone,1
cannoli,2
spiraling,1
chamomile,1
lavender,21
champagne,12
drink,3
mojito,1
rosito,1
glitter,1
dropper,1
bear,3
index,7
pinky,3
kheer,4
little,3
hardening,1
caraway,4
whey,1
shrikhand,1
barberry,2
kulfi,1
bicarbonate,3
mussel,8
paella,1
granule,2
button,3
mode,12
tine,1
ridge,1
amaretti,1
pint,2
pierogi,5
pierogie,1
rustica,1
oval,3
ventilation,2
capicola,1
peperoncini,1
tortellini,1
stromboli,3
plantain,65
mangú,1
pepperoncinis,1
crosshatch,4
development,2
calzone,5
dollap,1
habanero,15
bullion,1
thorough,2
mine,1
goody,1
barbeque,1
barbecue,26
link,3
lattice,3
weave,1
ale,2
grenadine,1
maraschino,2
gingerbread,5
man,1
sazon,1
arbol,1
chicharron,1
plenty,2
vapor,1
repollo,1
peppermint,27
frother,1
froth,1
shaving,3
river,2
curve,1
path,2
mini,2
pirouette,1
rod,1
molasse,5
train,7
https://tasty.co/article/tasty/gingerbread-train-template,1
car,2
track,1
cargo,1
gum,1
truffle,13
globe,6
balloon,10
knot,8
holiday,1
lollipop,5
hue,1
cacao,4
nib,2
cone,10
elf,1
grocery,3
total,8
schnapp,1
corer,1
piña,1
colada,1
canister,1
serve,4
gammon,8
lb,1
corningware,1
web,2
squirt,1
beeswax,1
scramble,5
sofrito,11
papaya,4
yautía,1
blanca,1
annatto,11
pastele,7
vein,5
fifth,1
poblano,9
empanada,4
yuatía,1
lighter,1
crunch,2
cubanelle,1
chicharrone,2
mofongo,4
longaniza,1
culantro,2
yucca,8
alcapurria,5
parts--2,1
recaito,1
yuca,4
suya,1
griot,1
bonnet,3
pikliz,3
stuff,1
tapenade,2
pastelón,1
toasting,1
fourth,4
vigorón,1
tajada,2
yellow,1
skimmer,2
hamburger,1
puck,3
big,1
cheeseburger,1
baker,1
sheen,1
gloss,1
cloud,1
greaseproof,5
camembert,3
wreath,1
strength,3
bitterness,1
flute,1
tree,4
fan,1
hasselback,1
starter,29
sticking,3
stretching,2
folding,4
session,2
sign,6
fermentation,4
increase,2
feel,1
combo,5
lame,2
razor,1
selection,1
grating,1
spear,3
sport,1
relish,4
malt,2
dairy,11
substitute,1
scone,5
barley,2
scale,3
millimetre,1
loin,2
porchetta,3
okonomiyaki,1
yakisoba,2
okonomi,3
bonito,1
milliliter,3
collard,4
fettucine,1
preserve,5
skull,2
socket,3
nose,4
tooth,1
meathead,1
bunch,2
ripeness,1
fin,1
difficulty,1
carapace,1
structure,1
lobster,4
signature,1
look,3
other,2
dye,1
purple,2
julius,1
begin,1
hob,1
scratch,13
beansprout,1
mien,1
topper,1
rayu,1
wood,5
sorrel,1
moco,1
clam,18
chowder,1
tablespoonful,1
crisp,3
beignet,16
disk,6
chill,1
go,1
shortbread,1
prosecco,3
wax,7
buckeye,1
bulgogi,1
v,5
radicchio,2
buckwheat,2
brie,23
switch,2
pediatrician,1
child,1
rotisserie,1
fluid,1
#,1
leche,3
aroma,2
dulce,3
isoscele,1
bourbon,3
rabbit,1
hedgehog,1
diagonal,3
spike,1
owl,1
beak,2
mouse,1
tikka,3
biryani,4
following,1
trivet,1
grid,1
vermicelli,2
galangal,5
shoot,2
belacan,1
candle,1
laksa,3
cockle,1
larb,2
satay,1
nuoc,3
cham,3
bran,2
timing,1
pâté,2
shellfish,4
beard,1
kaffir,3
barnacle,1
siga,2
accompaniment,1
aioli,11
nugget,1
dijon,6
bring,3
bayleaf,1
jalpeño,1
gumbo,1
ninth,1
tempeh,3
425ºf,1
clingfilm,1
lassi,1
muddler,3
carafe,1
flauta,3
influence,1
tube,3
lover,1
margherita,2
bomb,5
toastie,3
marsala,2
pasta/,1
band,2
set,1
cheek,2
bud,4
tumbler,1
tender,4
appetizer,1
wellington,3
decoration,2
taquito,4
jerk,9
jasmine,4
freekah,1
dum,3
pudina,1
a.,1
c.,1
raita,3
mould,2
litre,3
ada,3
fudge,3
hemp,2
bhurji,1
ajwain,1
safflower,2
chakli,6
aloo,1
loya,1
tawah,1
delicata,3
frond,4
bulb,9
strata,6
over,1
350ºf,2
enamel,1
crostata,2
broil,2
ciabatta,1
lunch,6
cupboard,1
school,1
morning,1
convection,1
copyright,1
©,1
permission,1
division,1
puffing,1
navel,1
blow,1
coupe,2
sherbet,2
qt,1
rust,1
corrosion,1
contact,1
tonic,6
carton,1
dunker,1
lashing,1
arrowroot,1
crudité,1
helping,2
earl,1
spilling,1
garni,2
borscht,1
rye,1
bass,3
spine,1
gill,2
position,5
softness,1
hallaca,10
wrapping,1
belt,2
knuckle,6
matignon,3
halibut,2
hull,1
rawness,1
chapatti,2
working,1
chappati,1
chapati,1
variation,1
millet,1
sorghum,1
salata,1
karaage,1
alfalfa,1
cole,1
velvet,2
rotis,1
fraiche,1
monk,1
sweetner,1
tub,1
150ml,1
whirlpool,2
hollandaise,2
lychee,5
eyeball,3
melting,1
spout,1
precision,1
doughball,1
crescent,2
steaming,1
chopping,1
poh,1
pouring,1
majority,1
snowflake,1
¾-inch,1
night,2
teabag,3
medjool,1
joe,2
weed,1
newspaper,1
pepperoncini,1
dimple,1
watermark,1
moss,3
violet,1
mauve,1
stump,1
g)flour,1
measure,1
malpoa,1
pav,6
bhaji,4
hook,7
die,1
breastbone,1
fideo,1
rogan,1
josh,1
paratha,4
dice,2
margin,2
cheeto,1
video,1
asafetida,1
barrel,2
flow,2
tuxedo,1
bowtie,1
low,1
kala,1
namak,1
drummet,2
winglet,1
none,4
suction,1
omelet,9
brigadeiro,1
workspace,1
braiding,1
challah,1
shine,1
garnishing,1
chef,1
colouring,1
blondie,4
rhubarb,2
ripple,1
beetroot,11
cure,2
basin,6
saucer,2
sponge,1
fahrenheit,3
dusting,2
popcorn,3
pressing,1
utensil,1
bain,1
shard,1
advance,1
combining,2
marjoram,1
canning,1
floating,1
microgreen,1
hominy,1
manchego,1
shred,1
nigiri,1
kiki,1
compound,4
ruler,1
shield,1
inserting,1
reamining,1
yoghurt,1
ease,1
wellness,1
crispness,1
hotsauce,1
totcho,1
rroll,1
state,1
marinate,1
fist,2
capacity,1
movement,1
growth,1
house,1
waste,1
feeding,4
readiness,1
float,3
test,3
hooch,1
discard,3
variety,2
reason,1
funkiness,1
project,1
scaling,1
call,1
stretch,1
clock,2
lifting,1
tension,1
proofing,6
proof,1
scoring,1
sound,1
pointer,1
outline,2
fingernail,2
monkey,1
smoothness,1
cluster,1
quest,1
cm)-thick,1
evening,1
infuser,1
control,1
rotating,1
oolong,1
frangipane,3
pipe,2
galette,3
fruitcake,1
tagine,2
finish,1
guide,1
thorn,1
romano,1
comté,1
chana,3
masalo,1
cycle,1
ip,6
multigrain,1
pain,1
mung,1
french,1
mash,1
long,1
trouble,1
slab,1
testing,1
method,1
3rd,1
